,precision,recall,f1-score,support
1,0.9791666666666666,1.0,0.9894736842105264,94.0
2,0.9090909090909091,0.9090909090909091,0.9090909090909091,11.0
3,1.0,0.8,0.888888888888889,10.0
accuracy,0.9739130434782609,0.9739130434782609,0.9739130434782609,0.9739130434782609
macro avg,0.9627525252525252,0.903030303030303,0.9291511607301081,115.0
weighted avg,0.9742753623188405,0.9739130434782609,0.9730383930841596,115.0
