ip.pkts_per_flow,duration,ip.header_len,ip.payload_len,ip.avg_bytes_tot_len,time_between_pkts_sum,time_between_pkts_avg,time_between_pkts_max,time_between_pkts_min,time_between_pkts_std,"(-0.001, 50.0]","(50.0, 100.0]","(100.0, 150.0]","(150.0, 200.0]","(200.0, 250.0]","(250.0, 300.0]","(300.0, 350.0]","(350.0, 400.0]","(400.0, 450.0]","(450.0, 500.0]","(500.0, 550.0]",tcp_pkts_per_flow,pkts_rate,tcp_bytes_per_flow,byte_rate,tcp.tcp_session_payload_up_len,tcp.tcp_session_payload_down_len,"(-0.001, 150.0]","(150.0, 300.0]","(300.0, 450.0]","(450.0, 600.0]","(600.0, 750.0]","(750.0, 900.0]","(900.0, 1050.0]","(1050.0, 1200.0]","(1200.0, 1350.0]","(1350.0, 1500.0]","(1500.0, 10000.0]",tcp.fin,tcp.syn,tcp.rst,tcp.psh,tcp.ack,tcp.urg,sport_g,sport_le,dport_g,dport_le,mean_tcp_pkts,std_tcp_pkts,min_tcp_pkts,max_tcp_pkts,entropy_tcp_pkts,mean_tcp_len,std_tcp_len,min_tcp_len,max_tcp_len,ssl.tls_version,entropy_tcp_len
1,0.0,20,51,102.0,0.0,0.0,0.0,0.0,0.0,1,0,0,0,0,0,0,0,0,0,0,0.0,0.0,0.0,0.0,0.0,0.0,0.0,0.0,0.0,0.0,0.0,0.0,0.0,0.0,0.0,0.0,0.0,0.0,0.0,0.0,0.0,0.0,0.0,0.0,0.0,0.0,0.0,0.0,0.0,0.0,0.0,0.0,0.0,0.0,0.0,0.0,0.0,0
1,0.00857996940612793,20,113,102.0,8.57996940612793,8.57996940612793,8.57996940612793,8.57996940612793,0.0,1,0,0,0,0,0,0,0,0,0,0,0.0,0.0,0.0,0.0,0.0,0.0,0.0,0.0,0.0,0.0,0.0,0.0,0.0,0.0,0.0,0.0,0.0,0.0,0.0,0.0,0.0,0.0,0.0,0.0,0.0,0.0,0.0,0.0,0.0,0.0,0.0,0.0,0.0,0.0,0.0,0.0,0.0,0
24,0.7471339702606201,480,83422,1782.8333333333333,719.8886871337891,29.99536196390788,673.4259128570557,0.16188621520996094,137.07522688439474,23,0,0,0,0,0,0,0,0,0,0,24.0,32.12275302062382,82938.0,32.12275302062382,24.0,24.0,8.0,1.0,1.0,4.0,9.0,0.0,0.0,0.0,0.0,0.0,0.0,1.0,1.0,1.0,17.0,24.0,0.0,0.0,24.0,24.0,0.0,443.0,0.0,443.0,443.0,0.0,3455.75,4741.64732198494,0.0,20440.0,3.0,0
24,0.7469711303710938,480,1194,1782.8333333333333,18.665313720703125,0.7777214050292969,14.31584358215332,0.007152557373046875,2.9122477113320078,24,0,0,0,0,0,0,0,0,0,0,24.0,32.12975578865658,694.0,32.12975578865658,24.0,24.0,22.0,1.0,1.0,0.0,0.0,0.0,0.0,0.0,0.0,0.0,0.0,1.0,1.0,2.0,3.0,21.0,0.0,24.0,0.0,0.0,24.0,38286.0,0.0,38286.0,38286.0,0.0,28.916666666666668,90.37887241889082,0.0,408.0,3.0,0
