{"Web": {"session_time": [-0.0022752046429717204, -0.0036399837967819072, 0.02740953500524651, 0.0032246762812924296, -0.0036268305825147146, 0.022208460872276126, -0.007505196077884788, -0.002239646142702589, 0.002789177963362515, -0.0018486461250690478], "%tcp_protocol": [-0.009279609700254335, 0.06455388711778424, -0.2682219637401707, 0.049526653837416904, 0.060885551504181346, -0.21309172473925042, 0.07159752834600228, 0.056559004048865574, 0.06439611772839966, 0.06312539222680257], "%udp_protocol": [0.0, 0.0017544645113684136, -0.010016487626859638, 0.0, -0.0006581568541290522, -0.01609131255011237, 0.00211759128216942, 0.0, 0.0012664964626261932, 0.0003452224723276484], "ul_data_volume": [0.0, 0.0, 0.011558993418994357, 0.006627661758617873, -0.002436355267163584, -0.020966077616760337, 0.0028478815476337613, 0.0037819459741606975, -0.0019133297413906035, -0.003072036407119996], "max_ul_volume": [0.0018058391314140151, -0.0029150920684475924, 0.018279107214789148, -0.005508114503013039, -0.005272016941311589, -0.015629627647503974, -0.004742215804298677, -0.0035914937535364306, -0.002141580577404191, -0.005307284044543323], "min_ul_volume": [0.0, 0.0, 0.0, -0.002492319784682673, -0.0010706950503953094, 0.010409242558087783, 0.0018013245817755444, 0.0, 0.0023895481375425277, 0.0014337761011876983], "avg_ul_volume": [-0.0028862485181978606, 0.028341481982490105, -0.23935113699201516, 0.034859175444235495, 0.032926128185965936, -0.11936167088302174, 0.024136178515856074, 0.033143588872253785, 0.03038958336262454, 0.03259953303617668], "std_ul_volume": [0.00221491319943053, -0.004128776613690349, 0.0, 0.0, -0.0020333026047007208, 0.016984931900798195, -0.0022268784871620068, 0.002660235778422433, 0.0028747500452458406, -0.0018958822793674682], "%ul_volume": [-0.0015765023687440982, 0.0, 0.0, 0.0, 0.003826386392581857, -0.016965535263647358, 0.0038421512877347685, 0.003005025457581054, 0.0, 0.001648866468889662], "dl_data_volume": [-0.002319767997040636, 0.003994220866838302, 0.0, 0.009314112464593426, 0.003229818847817395, -0.010044864507195328, 0.00138386805343748, -0.00284924529598978, 0.0006442796376478349, 0.0019315355832746212], "max_dl_volume": [0.0963650284883664, 0.04683963399497358, 0.0, 0.03959594825836018, 0.047165399761531446, -0.18933462348911312, 0.05130010364306458, 0.05260213608562821, 0.04884755183383585, 0.05246059610282063], "min_dl_volume": [0.0023918429499197036, -0.005247238119695963, 0.009701068056871653, 0.0042464119635909695, -0.0023447819534247183, 0.0, -0.004776387635554748, -0.002627850240227516, 0.001143879582408587, -0.003649985879546312], "avg_dl_volume": [-0.0014929354934340444, 0.01430775256415517, -0.04221797661360893, 0.013066423783615947, 0.014115240556128297, -0.04109138000400603, 0.0014350891182618106, 0.006995890697175692, 0.00831831055109871, 0.009659226416787861], "std_dl_volume": [0.11205264495151145, 0.04688771656816182, -0.283178428127009, 0.038843009730205574, 0.04573152636751737, -0.1918885372714626, 0.04728201508233763, 0.04094723060768589, 0.03632114861679118, 0.04182998901180353], "%dl_volume": [0.0, -0.001236218010513589, 0.0, 0.0, 0.0004893821344314486, -0.020841426498671267, 0.002313774957194866, -0.0019632528911548604, -0.0029055633155687585, 0.0008138793841836363], "nb_uplink_packet": [0.0, 0.0, 0.0, 0.002650521140511109, -0.0012884979174035555, 0.012236800501712441, 0.0005583202159627904, 0.0018889147579464055, 0.0038393574267760744, 0.0], "nb_downlink_packet": [0.0, 0.0, 0.010263509167394158, 0.0, 0.0015921067296172237, 0.0, 0.0, 0.0, 0.0004507044586820261, 0.0009015282100459099], "ul_packet": [0.0, 0.004459947465190017, -0.04683208546829554, 0.000925624332588304, -0.002127571681284496, 0.0, 0.004382271134661775, 0.004178913895123126, 0.0, 0.004483197609638834], "dl_packet": [0.0, 0.0, 0.0, 0.0, 0.0019033980208389145, 0.0, 0.0, 0.0006929668319720465, -0.003898331452235143, 0.0017704973346010788], "kB/s": [0.0, 0.0010282035381671273, 0.0, 0.0026717007174491825, 0.0029622485115862185, -0.00761900421709194, 0.0012072626500004013, 0.0008544447745439665, 0.001321456279253952, 0.0007080627126725414], "nb_packet/s": [0.0, 0.0, 0.0076058657046624845, -0.002551485424782285, 0.0010310218401296534, -0.003913651145038721, -0.0019546824111935923, 0.0009611905422517164, 0.0008664430003026136, -0.002937467935567345]}, "Interactive": {"session_time": [-0.0009135026844508346, -0.008236246902609611, 0.0018136490110435034, 0.004198500127849024, -0.007683178571845918, 0.043158071207315685, -0.006442943616433801, -0.008277005447124092, 0.0036522264089655834, -0.007389812432132369], "%tcp_protocol": [0.0, 0.0, 0.0, 0.0, 0.0, 0.0009641477218416961, 0.0, 0.0, -0.0004439292694664136, 0.0], "%udp_protocol": [0.005458303330433401, -0.009112742332523627, 0.0019017616150988, -0.002182610426676501, -0.009313035681551656, 0.0564203669610385, -0.008833046242081977, -0.008301251072042874, -0.001690722388862774, -0.008457628196322786], "ul_data_volume": [0.0, 0.0, 0.0, 0.0, -0.001793098435007915, 0.0, -0.002165725773259259, -0.0016525982338900236, 0.0, -0.0009416139564008916], "max_ul_volume": [0.0005135058933358992, 0.0, 0.0, 0.0, -0.0007346684357522034, 0.0, 0.0, 0.0, 0.0, 0.0], "min_ul_volume": [0.0002773191673848801, 0.0, 0.0, 0.0, 0.0012344899844625445, 0.0, -0.0007126786283556284, 0.0, 0.0, -0.00018295298196557494], "avg_ul_volume": [0.0, 0.0, 0.0, 0.0, -0.0006247095264148737, 0.0, 0.0009670610483158296, 0.0, 0.0, 0.0], "std_ul_volume": [0.0, 0.0, 0.0, 0.0, 0.0, 0.0, 0.0, 0.0, -0.00038989161246136966, 0.0], "%ul_volume": [0.0, 0.0, 0.0, 0.0, -0.0010325322257431551, 0.0, 0.0, 0.0, 0.0006932902027320135, 0.0], "dl_data_volume": [0.015796837241551877, 0.009519276433119908, 0.019907930474415123, 0.013832905458420957, 0.008889695122980597, 0.0443610335187401, 0.009088931654191288, 0.009506200314597035, 0.014470304321039296, 0.00870909981728685], "max_dl_volume": [0.0, -0.00043410581088953147, 0.0, 0.0, 0.0, 0.005404420933832865, -0.0007516281116018231, 0.0, 0.0, -0.000606166123576949], "min_dl_volume": [0.0, -0.004419925583984496, 0.0, 0.0, -0.005009377466315376, 0.0421818333532184, -0.004976302997865652, -0.005223652045767774, 0.0, -0.004539882973708228], "avg_dl_volume": [-0.09652599655027691, -0.06228978906861621, -0.10028732372670729, -0.09291973840872209, -0.061889306256483034, 0.7293656605428346, -0.06141411063064476, -0.06111333079132555, -0.09383180377451865, -0.06189945843223248], "std_dl_volume": [-0.00039661157859281586, -0.002930319166183964, 0.000320041899204343, -0.002843147059516146, -0.0019835564318695046, 0.0016019642138604961, -0.0015370614748273187, -0.0027372794786246213, -0.0020320206591296266, -0.002767975896939723], "%dl_volume": [-0.0007575299120167606, 0.0, 0.0, -0.0003889648796231715, 0.0, 0.0012550497042069786, 0.0, 0.0, 0.0, -0.0002847666793979438], "nb_uplink_packet": [0.0, -0.0005966146093537173, 0.0, -0.0003828672948037251, 0.0, 0.0, 0.0, 0.0, -0.0005021210200334553, 0.0], "nb_downlink_packet": [0.0011324617441228202, 0.004272961271340844, 0.0011239314638578565, 0.00610133578436271, 0.003155107430838117, 0.0033638462899425736, 0.0020064881919061367, 0.0032447997658984346, 0.0050746677917353905, 0.0025688716199898237], "ul_packet": [0.0004152133485084558, 0.0, 0.00022000926308766988, 0.0, 0.0006264645100860361, -0.010001968111895021, 0.0008212024863655677, 0.0, 0.0, -0.0008348495362792887], "dl_packet": [0.0, 0.0, 0.0, -0.00041541330129105103, 0.0011577059826163444, 0.0, 0.0, 0.0, 0.0, 0.002046662338675606], "kB/s": [0.0, -0.0007724942302995835, 0.0, 0.0, 0.0, 0.0, -0.0007169391052407881, 0.0, 0.0, 0.0], "nb_packet/s": [0.0, 0.0, 0.0, 0.0, 0.0, 0.006925573665063189, -0.00033324680046779853, -0.00044588301172053535, 0.0, -0.00041952656699605073]}, "Video": {"session_time": [0.01850299117013868, 0.004245841043366914, -0.10056230478570866, -0.016295289316207794, 0.0030213613102413337, -0.09574318327502634, 0.004397669321727804, 0.0021959482763781258, -0.017291712989044833, 0.003825018200213491],